<?xml version="1.0" encoding="UTF-8"?>
<beans xmlns="http://www.springframework.org/schema/beans"
    xmlns:xsi="http://www.w3.org/2001/XMLSchema-instance"
    xsi:schemaLocation="http://www.springframework.org/schema/beans 
    https://www.springframework.org/schema/beans/spring-beans.xsd">
    
    
    <!-- Root Context: defines shared resources visible to all other web components -->
        <bean id="dataSource" class="org.springframework.jdbc.datasource.DriverManagerDataSource">
            <property name="driverClassName" value="com.mysql.cj.jdbc.Driver"></property>
            <property value="jdbc:mysql://127.0.0.1:3306/basicboard?serverTimezone=UTC&amp;characterEncoding=UTF-8&amp;useSSL=false" name="url"/>
            <property name="username" value="root"></property>
            <property name="password" value="inha1958"></property>
        </bean>
        <bean id="sqlSessionFactory" class="org.mybatis.spring.SqlSessionFactoryBean">
               <property name="dataSource" ref="dataSource" />
              <property name="configLocation" value="classpath:/mybatis-config.xml"></property>
              <!-- <property name="mapperLocations" value="classpath:mappers/**/*Mapper.xml"></property> -->
        </bean>
</beans>
        
        
